n,l1,l2,l3
01,CO,OR,AN
02,DI,DI,CD
03,DI,DI,DI
04,CO,CO,CR
05,DI,OR,AN
06,OR,AN,CD
07,DI,AN,CD
08,MA,CD,CD
09,OR,CL,CL
10,DI,OR,CL
11,MA,MA,CO
12,DI,CO,CR
13,CO,AN,CD
14,MA,DI,CD
15,DI,CO,CD
16,OR,AN,ST
17,MA,ST,ST
18,AN,CR,RI
19,MA,AN,RI
20,CO,CO,CL
21,MA,OR,OR
22,OR,CL,CD
23,DI,OR,CR
24,MA,DI,CL
25,MA,RI,ST
26,DI,CO,ST
27,OR,CR,CR
28,OR,CL,CR
29,MA,CO,CL
30,CO,OR,RI
31,CO,CL,CR
32,DI,CL,ST
33,MA,CL,CL
34,CO,OR,CL
35,MA,CD,ST
36,MA,CL,RI
37,MA,OR,AN
38,MA,CL,AN
39,DI,AN,CR
40,MA,CL,CD
41,MA,CO,OR
42,OR,CL,AN
43,CO,CR,CR
44,MA,DI,ST
45,CO,CL,RI
46,CL,CL,CL
47,MA,CO,CO
48,DI,CO,AN
49,CO,AN,CR
50,OR,CD,ST
51,DI,DI,CO
52,MA,MA,OR
53,DI,CL,CR
54,DI,CO,RI
55,MA,DI,OR
56,MA,OR,RI
57,CO,OR,CD
58,OR,CL,RI
59,DI,CL,CD
60,MA,OR,CR
