n,a1,a2,a3
01,DI,OR,OR
02,MA,CO,CD
03,CL,AN,CR
04,MA,CO,ST
05,OR,RI,RI
06,DI,CL,CD
07,CO,CL,CL
08,AN,CR,CR
09,CO,OR,CL
10,MA,DI,RI
11,CL,CL,AN
12,MA,AN,CR
13,DI,DI,AN
14,CO,CL,CD
15,MA,AN,ST
16,MA,DI,CD
17,MA,DI,CL
18,CO,OR,AN
19,CO,CL,RI
20,CO,CO,CR
21,DI,CO,CL
22,DI,CO,CD
23,CL,AN,AN
24,MA,OR,ST
25,MA,OR,CL
26,CO,CO,CL
27,CO,OR,OR
28,MA,MA,CL
29,MA,CL,CR
30,MA,CL,RI
31,DI,CO,OR
32,MA,DI,CO
33,DI,DI,CR
34,OR,AN,ST
35,DI,OR,AN
36,DI,CL,ST
37,MA,CO,CL
38,OR,CR,CD
39,DI,OR,CD
40,CO,CO,RI
41,DI,CO,ST
42,DI,OR,CR
43,OR,CD,RI
44,CL,CD,ST
45,DI,CO,AN
46,MA,CR,CD
47,MA,OR,OR
48,MA,CD,ST
49,MA,MA,OR
50,DI,OR,CL
51,MA,CO,OR
52,CL,CR,ST
53,OR,CL,CR
54,CO,CD,CD
55,OR,AN,CD
56,MA,DI,OR
57,MA,DI,AN
58,CO,CR,RI
59,DI,CL,RI
60,MA,DI,CR
